-- --------------------------------------------------------
-- Host:                         gymbrodb.brumby-ray.ts.net
-- Versione server:              11.4.4-MariaDB-log - Alpine Linux
-- S.O. server:                  Linux
-- HeidiSQL Versione:            12.10.0.7000
-- --------------------------------------------------------

/*!40101 SET @OLD_CHARACTER_SET_CLIENT=@@CHARACTER_SET_CLIENT */;
/*!40101 SET NAMES utf8 */;
/*!50503 SET NAMES utf8mb4 */;
/*!40103 SET @OLD_TIME_ZONE=@@TIME_ZONE */;
/*!40103 SET TIME_ZONE='+00:00' */;
/*!40014 SET @OLD_FOREIGN_KEY_CHECKS=@@FOREIGN_KEY_CHECKS, FOREIGN_KEY_CHECKS=0 */;
/*!40101 SET @OLD_SQL_MODE=@@SQL_MODE, SQL_MODE='NO_AUTO_VALUE_ON_ZERO' */;
/*!40111 SET @OLD_SQL_NOTES=@@SQL_NOTES, SQL_NOTES=0 */;

-- Dump dei dati della tabella gymbro_test.exercises: ~106 rows (circa)
INSERT INTO `exercises` (`id`, `name`, `image`, `description`, `muscle`, `created_at`, `updated_at`) VALUES
	(1, 'Leg Extension', 'leg_extension.png', '', 'Quadricipiti', NULL, '2025-01-29 20:26:36'),
	(2, 'Pressa 45°', 'pressa_45.png', '', 'Quadricipiti', NULL, '2025-01-29 20:03:34'),
	(3, 'Hack Squat', 'hack_squat.png', '', 'Quadricipiti', NULL, '2025-01-29 20:03:34'),
	(4, 'Leg Curl', 'leg_curl.png', '', 'Femorali', NULL, '2025-01-29 20:03:34'),
	(5, 'Leg Curl Seduto', 'leg_curl_seduto.png', '', 'Femorali', NULL, '2025-01-29 20:03:34'),
	(6, 'Calf Machine In Piedi', 'calf_machine.png', '', 'Polpacci', NULL, '2025-01-29 20:03:34'),
	(8, 'Affondi Corpo Libero', 'affondi_corpo_libero.png', '', 'Quadricipiti', NULL, NULL),
	(9, 'Affondi Bulgari Con Manubri', 'affondi_bulgari_manubri.png', '', 'Quadricipiti', NULL, NULL),
	(10, 'Squat Al Multipower', 'squat_multipower.png', '', 'Quadricipiti', NULL, NULL),
	(11, 'Leg Press', 'leg_press.png', '', 'Quadricipiti', NULL, '2025-01-29 20:39:00'),
	(12, 'Calf In Piedi Singolo', 'calf_in_piedi_singolo.png', '', 'Polpacci', NULL, NULL),
	(13, 'Calf Con Bilanciere Seduto', 'calf_con_bilanciere_seduto.png', '', 'Polpacci', NULL, NULL),
	(14, 'Calf Machine Seduto', 'calf_machine_seduto.png', '', 'Polpacci', NULL, NULL),
	(15, 'Calf In Piedi Con Manubri', 'calf_in_piedi_manubri.png', '', 'Polpacci', NULL, NULL),
	(16, 'Stacchi Gambe Tese', 'stacchi_gambe_tese.png', '', 'Femorali', NULL, NULL),
	(17, 'Leg Curl In Piedi', 'leg_curl_in_piedi.png', '', 'Femorali', NULL, NULL),
	(18, 'Leg Curl Cavo Basso', 'leg_curl_cavo_basso.png', '', 'Femorali', NULL, NULL),
	(19, 'Leg Curl In Quadrupedia Cavo Basso', 'leg_curl_quadrupedia_cavo_basso.png', '', 'Femorali', NULL, NULL),
	(20, 'Scrollate Al Multi Lift', 'scrollate_multi_lift.png', NULL, 'Trapezi', NULL, NULL),
	(21, 'Tirate Al Mento Con Bilanciere', 'tirate_al_mento_bilanciere.png', NULL, 'Trapezi', NULL, NULL),
	(22, 'Tirate Al Mento Al Cavo Basso', 'tirate_al_mento_cavo_basso.png', NULL, 'Trapezi', NULL, NULL),
	(23, 'Tirate Al Mento Con Manubri', 'tirate_al_mento_manubri.png', NULL, 'Trapezi', NULL, NULL),
	(24, 'Dips Gambe Distese', 'dips_gambe_distese.png', NULL, 'Tricipiti', NULL, NULL),
	(25, 'Kickback 90° Con Manubri', 'kickback_90_manubri.png', NULL, 'Tricipiti', NULL, '2025-01-29 19:06:04'),
	(26, 'Distensioni Presa Stretta Al Multipower', 'distensioni_strette_multipower.png', NULL, 'Tricipiti', NULL, '2025-01-29 19:06:24'),
	(27, 'French Press Seduto Un Braccio', 'french_press_seduto_un_braccio.png', NULL, 'Tricipiti', NULL, NULL),
	(28, 'French Press Un Braccio Panca Piana', 'french_press_singolo_panca_piana_manubri.png', NULL, 'Tricipiti', NULL, NULL),
	(29, 'French Press Panca Piana', 'french_press_panca_piana.png', NULL, 'Tricipiti', NULL, NULL),
	(30, 'French Press Bilanciere Panca Piana', 'french_press_bilanciere_panca_piana.png', NULL, 'Tricipiti', NULL, NULL),
	(31, 'French Press Con Manubrio Seduto', 'french_press_manubrio_seduto.png', NULL, 'Tricipiti', NULL, NULL),
	(32, 'Push Down Al Cavo Alto', 'push_down_cavo_alto.png', NULL, 'Tricipiti', NULL, '2025-01-29 19:06:05'),
	(33, 'Spinte Bilanciere Presa Stretta Panca Piana', 'spinte_bilanciere_presa_stretta_panca_piana.png', NULL, 'Tricipiti', NULL, NULL),
	(34, 'Alzate Laterali 90° Seduto', 'alzate_lat_90_seduto.png', NULL, 'Spalle', NULL, NULL),
	(35, 'Aperture Laterali Deltoid Machine', 'aperture_lat_deltoid_machine.png', NULL, 'Spalle', NULL, NULL),
	(36, 'Military Press Seduto', 'military_press_seduto.png', NULL, 'Spalle', NULL, '2025-01-29 19:06:04'),
	(37, 'Volare Su Panca Inversa', 'volare_panca_inversa.png', NULL, 'Spalle', NULL, NULL),
	(38, 'Alzate Laterali In Piedi', 'alzate_lat_in_piedi.png', NULL, 'Spalle', NULL, NULL),
	(39, 'Alzate Laterali Seduto', 'alzate_lat_seduto.png', NULL, 'Spalle', NULL, NULL),
	(40, 'Peck Back Inversa', 'peck_back_inverso.png', NULL, 'Spalle', NULL, NULL),
	(41, 'Military Press Al Multipower', 'military_press_al_multipower.png', NULL, 'Spalle', NULL, NULL),
	(42, 'Shoulder Press', 'shoulder_press.png', NULL, 'Spalle', NULL, '2025-01-29 20:28:23'),
	(43, 'Croci Su Panca Piana', 'croci_panca_piana.png', NULL, 'Pettorali', NULL, '2025-01-29 19:06:04'),
	(44, 'Chest Press', 'chest_press.png', NULL, 'Pettorali', NULL, NULL),
	(45, 'Chiusure Ai Cavi Bassi', 'chiusure_cavi_bassi.png', NULL, 'Pettorali', NULL, NULL),
	(46, 'Peck Back', 'peck_back.png', NULL, 'Pettorali', NULL, '2025-01-29 19:06:04'),
	(47, 'Distensioni Panca Inclinata Al Multipower', 'distensioni_panca_inclinata_multipower.png', NULL, 'Pettorali', NULL, NULL),
	(48, 'Distensioni Panca Piana Al Multipower', 'distensioni_panca_piana_multipower.png', NULL, 'Pettorali', NULL, NULL),
	(49, 'High Chest Machine', 'high_chest_machine.png', NULL, 'Pettorali', NULL, NULL),
	(50, 'Super Declined Chest Press', 'super_declined_chest_press.png', NULL, 'Pettorali', NULL, '2025-01-29 19:06:04'),
	(51, 'Distensioni A Terra', 'distensioni_a_terra.png', NULL, 'Pettorali', NULL, NULL),
	(52, 'Spinte Su Panca Piana', 'spinte_panca_piana.png', NULL, 'Pettorali', NULL, '2025-01-29 19:06:04'),
	(53, 'Spinte Panca Piana Con Bilanciere', 'spinte_panca_piana_bilanciere.png', NULL, 'Pettorali', NULL, NULL),
	(54, 'Spinte Su Panca Inclinata', 'spinte_panca_inclinata.png', NULL, 'Pettorali', NULL, NULL),
	(55, 'Sumo Squat Con Manubrio', 'sumo_squat_manubrio.png', NULL, 'Glutei', NULL, NULL),
	(56, 'Sumo Squat A Corpo Libero', 'sumo_squat_corpo_libero.png', NULL, 'Glutei', NULL, NULL),
	(57, 'Bridge Su Panca Con Bilanciere', 'bridge_su_panca_con_bilanciere.png', NULL, 'Glutei', NULL, NULL),
	(58, 'Slanci Posteriori In Piedi', 'slanci_posteriori_in_piedi.png', NULL, 'Glutei', NULL, NULL),
	(59, 'Hypextension', 'hypextension.png', NULL, 'Dorsali', NULL, NULL),
	(60, 'Lat Machine Avanti', 'lat_machine_avanti.png', NULL, 'Dorsali', NULL, '2025-01-29 19:01:13'),
	(61, 'Lat Machine Presa Inversa', 'lat_machine_presa_inversa.png', NULL, 'Dorsali', NULL, '2025-01-29 19:01:13'),
	(62, 'Lat Machine Con Trazibar', 'lat_machine_trazibar.png', NULL, 'Dorsali', NULL, NULL),
	(63, 'Pulley Basso', 'pulley_basso.png', NULL, 'Dorsali', NULL, NULL),
	(64, 'Pulley Presa Inversa', 'pulley_presa_inversa.png', NULL, 'Dorsali', NULL, NULL),
	(65, 'Pulley Con Trazibar', 'pulley_trazibar.png', NULL, 'Dorsali', NULL, NULL),
	(66, 'Pulley Con Triangolo', 'pulley_triangolo.png', NULL, 'Dorsali', NULL, '2025-01-29 19:01:22'),
	(67, 'Rematore Con Bilanciere', 'rematore_bilanciere.png', NULL, 'Dorsali', NULL, NULL),
	(68, 'Rematore High Row', 'rematore_high_row.png', NULL, 'Dorsali', NULL, NULL),
	(69, 'Rematore Su Panca Con Manubrio', 'rematore_manubrio_su_panca.png', NULL, 'Dorsali', NULL, NULL),
	(70, 'Rematore Al Multipower', 'rematore_multipower.png', NULL, 'Dorsali', NULL, NULL),
	(71, 'T Bar', 'tbar.png', NULL, 'Dorsali', NULL, '2025-01-29 19:01:14'),
	(72, 'Trazioni Presa A Martello', 'trazioni_presa_hammer.png', NULL, 'Dorsali', NULL, NULL),
	(73, 'Trazioni Presa Inversa', 'trazioni_presa_inversa.png', NULL, 'Dorsali', NULL, NULL),
	(74, 'Trazioni', 'trazioni.png', NULL, 'Dorsali', NULL, NULL),
	(75, 'Abductor Machine', 'abductor_machine.png', NULL, 'Abduttori', NULL, NULL),
	(76, 'Abductor Machine Inversa', 'abductor_machine_inversa.png', NULL, 'Abduttori', NULL, NULL),
	(77, 'Caperture Abductor Machine', 'caperture_abductor_machine.png', NULL, 'Abduttori', NULL, NULL),
	(78, 'Slanci Esterni Al Cavo Basso', 'slanci_esterni_cavo_basso.png', NULL, 'Abduttori', NULL, NULL),
	(79, 'Concentrato Manubrio Seduto', 'concentrato_manubrio_seduto.png', NULL, 'Bicipiti', NULL, NULL),
	(80, 'Curl Con Bilanciere', 'curl_bilanciere.png', NULL, 'Bicipiti', NULL, NULL),
	(81, 'Curl Ai Cavi Alti', 'curl_cavi_alti.png', NULL, 'Bicipiti', NULL, NULL),
	(82, 'Curl Al Cavo Basso', 'curl_cavo_basso.png', NULL, 'Bicipiti', NULL, NULL),
	(83, 'Curl Con Manubri Alternato', 'curl_manubri_alternato.png', NULL, 'Bicipiti', NULL, NULL),
	(84, 'Curl A Martello Alternato', 'curl_manubri_martello_alternato.png', NULL, 'Bicipiti', NULL, NULL),
	(85, 'Curl Con Manubri', 'curl_manubri.png', NULL, 'Bicipiti', NULL, NULL),
	(86, 'Curl Con Manubri Alternato Seduto', 'curl_manubri_alternato_seduto.png', NULL, 'Bicipiti', NULL, NULL),
	(87, 'Panca Scott Con Manubrio', 'panca_scott_con_manubrio.png', NULL, 'Bicipiti', NULL, NULL),
	(88, 'Panca Scott Con Bilanciere', 'panca_scott_bilanciere.png', NULL, 'Bicipiti', NULL, '2025-01-29 19:01:41'),
	(89, 'Curl Con Manubri Seduto', 'curl_manubri_seduto.png', NULL, 'Bicipiti', NULL, '2025-01-29 19:01:52'),
	(90, 'Rotazione Manubrio Su Panca', 'rotazione_manubrio_su_panca.png', NULL, 'Avambracci', NULL, NULL),
	(91, 'Curl Con Bilanciere Su Panca', 'curl_bilanciere_su_panca.png', NULL, 'Avambracci', NULL, NULL),
	(92, 'Curl Con Bilanciere Presa Inversa', 'curl_inverso_bilanciere.png', NULL, 'Avambracci', NULL, NULL),
	(93, 'Curl Presa Inversa Manubrio Su Panca', 'curl_presa_inversa_manubrio_su_panca.png', NULL, 'Avambracci', NULL, NULL),
	(94, 'Curl Con Manubrio Su Panca', 'curl_manubrio_su_panca.png', NULL, 'Avambracci', NULL, NULL),
	(95, 'Adduttori Fianco Con Fitball', 'adduttori_fianco_con_fitball.png', NULL, 'Adduttori', NULL, NULL),
	(96, 'Adduttori Sdraiato Con Fitball', 'adduttori_fianco_con_fitball.png', NULL, 'Adduttori', NULL, NULL),
	(97, 'Adduttori Slanci Al Cavo Basso', 'adduttori_slanci_al_cavo_basso.png', NULL, 'Adduttori', NULL, NULL),
	(98, 'Adductor Machine', 'adductor_machine.png', NULL, 'Adduttori', NULL, NULL),
	(99, 'Pinnate Gambe Alternate', 'pinnate_gambe_alternate.png', NULL, 'Addominali', NULL, NULL),
	(100, 'Alzate Gambe Tese Con Fitball', 'alzate_gambe_tese_con_fitball.png', NULL, 'Addominali', NULL, NULL),
	(101, 'Addominal Machine', 'addominal_machine.png', NULL, 'Addominali', NULL, NULL),
	(102, 'Crunch Gambe 90°', 'crunch_gambe_90.png', NULL, 'Addominali', NULL, NULL),
	(103, 'Crunch Gambe Su Fitball', 'crunch_gambe_su_fitball.png', NULL, 'Addominali', NULL, NULL),
	(104, 'Plank', 'plank.png', NULL, 'Addominali', NULL, NULL),
	(105, 'Sollevamento Gambe A 90° Con Sbarra', 'sollevamento_gambe_90_sbarra.png', NULL, 'Addominali', NULL, NULL),
	(106, 'Crunch Hyperxtension', 'crunch_hyperxtension.png', NULL, 'Addominali', NULL, NULL),
	(107, 'Side Plank Su Gomito', 'side_plank_su_gomito.png', NULL, 'Addominali', NULL, NULL);

-- Dump dei dati della tabella gymbro_test.exercises_data: ~71 rows (circa)
INSERT INTO `exercises_data` (`id`, `user_id`, `exercise_id`, `workout_plan_id`, `workout_plan_pivot_id`, `day`, `set`, `reps`, `used_weights`, `created_at`, `updated_at`) VALUES
	(9, 3, 1, 2, 10, 1, 1, 10, 55.00, '2025-01-01 19:20:29', '2025-01-29 19:20:29'),
	(10, 3, 1, 2, 10, 1, 2, 10, 60.00, '2025-01-01 19:20:29', '2025-01-29 19:20:29'),
	(11, 3, 1, 2, 10, 1, 3, 10, 65.00, '2025-01-01 19:20:29', '2025-01-29 19:20:29'),
	(12, 3, 1, 2, 10, 1, 4, 10, 70.00, '2025-01-01 19:20:29', '2025-01-29 19:20:29'),
	(13, 3, 2, 2, 11, 1, 1, 10, 130.00, '2025-01-01 19:21:05', '2025-01-29 19:21:05'),
	(14, 3, 2, 2, 11, 1, 2, 10, 150.00, '2025-01-01 19:21:05', '2025-01-29 19:21:05'),
	(15, 3, 2, 2, 11, 1, 3, 10, 160.00, '2025-01-01 19:21:05', '2025-01-29 19:21:05'),
	(16, 3, 2, 2, 11, 1, 4, 10, 160.00, '2025-01-01 19:21:05', '2025-01-29 19:21:05'),
	(17, 3, 3, 2, 12, 1, 1, 10, 70.00, '2025-01-01 19:21:47', '2025-01-29 19:21:47'),
	(18, 3, 3, 2, 12, 1, 2, 10, 80.00, '2025-01-01 19:21:47', '2025-01-29 19:21:47'),
	(19, 3, 3, 2, 12, 1, 3, 10, 90.00, '2025-01-01 19:21:47', '2025-01-29 19:21:47'),
	(20, 3, 3, 2, 12, 1, 4, 10, 100.00, '2025-01-01 19:21:47', '2025-01-29 19:21:47'),
	(21, 3, 1, 2, 10, 1, 1, 10, 55.00, '2025-01-08 19:26:42', '2025-01-29 19:26:42'),
	(22, 3, 1, 2, 10, 1, 2, 10, 60.00, '2025-01-08 19:26:42', '2025-01-29 19:26:42'),
	(23, 3, 1, 2, 10, 1, 3, 10, 65.00, '2025-01-08 19:26:42', '2025-01-29 19:26:42'),
	(24, 3, 1, 2, 10, 1, 4, 10, 70.00, '2025-01-08 19:26:42', '2025-01-29 19:26:42'),
	(25, 3, 1, 2, 10, 1, 1, 10, 55.00, '2025-01-15 19:27:55', '2025-01-29 19:27:55'),
	(26, 3, 1, 2, 10, 1, 2, 10, 60.00, '2025-01-15 19:27:55', '2025-01-29 19:27:55'),
	(27, 3, 1, 2, 10, 1, 3, 10, 75.00, '2025-01-15 19:27:55', '2025-01-29 19:27:55'),
	(28, 3, 1, 2, 10, 1, 4, 10, 75.00, '2025-01-15 19:27:55', '2025-01-29 19:27:55'),
	(29, 3, 1, 2, 10, 1, 1, 10, 65.00, '2025-01-22 19:28:56', '2025-01-29 19:28:56'),
	(30, 3, 1, 2, 10, 1, 2, 10, 70.00, '2025-01-22 19:28:56', '2025-01-29 19:28:56'),
	(31, 3, 1, 2, 10, 1, 3, 10, 75.00, '2025-01-22 19:28:56', '2025-01-29 19:28:56'),
	(32, 3, 1, 2, 10, 1, 4, 10, 75.00, '2025-01-22 19:28:57', '2025-01-29 19:28:57'),
	(33, 3, 1, 2, 10, 1, 1, 10, 65.00, '2025-01-28 19:32:55', '2025-01-29 19:32:55'),
	(34, 3, 1, 2, 10, 1, 2, 10, 70.00, '2025-01-28 19:32:55', '2025-01-29 19:32:55'),
	(35, 3, 1, 2, 10, 1, 3, 10, 75.00, '2025-01-28 19:32:55', '2025-01-29 19:32:55'),
	(36, 3, 1, 2, 10, 1, 4, 10, 75.00, '2025-01-28 19:32:55', '2025-01-29 19:32:55'),
	(37, 3, 1, 2, 10, 1, 1, 10, 50.00, '2024-12-25 19:39:56', '2025-01-29 19:39:56'),
	(38, 3, 1, 2, 10, 1, 2, 10, 55.00, '2024-12-25 19:39:56', '2025-01-29 19:39:56'),
	(39, 3, 1, 2, 10, 1, 3, 10, 60.00, '2024-12-25 19:39:56', '2025-01-29 19:39:56'),
	(40, 3, 1, 2, 10, 1, 4, 10, 65.00, '2024-12-25 19:39:56', '2025-01-29 19:39:56'),
	(41, 3, 1, 2, 10, 1, 1, 10, 50.00, '2024-12-18 19:43:35', '2025-01-29 19:43:35'),
	(42, 3, 1, 2, 10, 1, 2, 10, 55.00, '2024-12-18 19:43:35', '2025-01-29 19:43:35'),
	(43, 3, 1, 2, 10, 1, 3, 10, 60.00, '2024-12-18 19:43:35', '2025-01-29 19:43:35'),
	(44, 3, 1, 2, 10, 1, 4, 10, 65.00, '2024-12-18 19:43:35', '2025-01-29 19:43:35'),
	(45, 3, 1, 2, 10, 1, 1, 10, 45.00, '2024-12-11 19:44:30', '2025-01-29 19:44:30'),
	(46, 3, 1, 2, 10, 1, 2, 10, 50.00, '2024-12-11 19:44:30', '2025-01-29 19:44:31'),
	(47, 3, 1, 2, 10, 1, 3, 10, 55.00, '2024-12-11 19:44:30', '2025-01-29 19:44:31'),
	(48, 3, 1, 2, 10, 1, 4, 10, 60.00, '2024-12-11 19:44:30', '2025-01-29 19:44:31'),
	(49, 3, 1, 2, 10, 1, 1, 10, 70.00, '2025-01-29 19:47:47', '2025-01-29 19:47:47'),
	(50, 3, 1, 2, 10, 1, 2, 10, 75.00, '2025-01-29 19:47:47', '2025-01-29 19:47:47'),
	(51, 3, 1, 2, 10, 1, 3, 10, 75.00, '2025-01-29 19:47:47', '2025-01-29 19:47:47'),
	(52, 3, 1, 2, 10, 1, 4, 10, 80.00, '2025-01-29 19:47:48', '2025-01-29 19:47:48'),
	(53, 3, 2, 2, 11, 1, 1, 10, 130.00, '2025-01-29 19:51:25', '2025-01-29 19:51:25'),
	(54, 3, 2, 2, 11, 1, 2, 10, 150.00, '2025-01-29 19:51:25', '2025-01-29 19:51:25'),
	(55, 3, 2, 2, 11, 1, 3, 10, 160.00, '2025-01-29 19:51:25', '2025-01-29 19:51:25'),
	(56, 3, 2, 2, 11, 1, 4, 10, 170.00, '2025-01-29 19:51:25', '2025-01-29 19:51:25'),
	(57, 3, 3, 2, 12, 1, 1, 10, 75.00, '2025-01-29 19:52:05', '2025-01-29 19:52:05'),
	(58, 3, 3, 2, 12, 1, 2, 10, 80.00, '2025-01-29 19:52:06', '2025-01-29 19:52:06'),
	(59, 3, 3, 2, 12, 1, 3, 10, 95.00, '2025-01-29 19:52:06', '2025-01-29 19:52:06'),
	(60, 3, 3, 2, 12, 1, 4, 10, 100.00, '2025-01-29 19:52:06', '2025-01-29 19:52:06'),
	(61, 3, 1, 3, 32, 1, 1, 10, 30.00, '2024-10-15 19:07:18', '2025-01-29 20:07:18'),
	(62, 3, 1, 3, 32, 1, 2, 12, 35.00, '2024-10-15 19:07:18', '2025-01-29 20:07:19'),
	(63, 3, 1, 3, 32, 1, 3, 14, 40.00, '2024-10-15 19:07:18', '2025-01-29 20:07:19'),
	(64, 3, 1, 3, 32, 1, 1, 10, 30.00, '2024-10-22 19:07:18', '2025-01-29 20:08:30'),
	(65, 3, 1, 3, 32, 1, 2, 12, 35.00, '2024-10-22 19:07:18', '2025-01-29 20:08:30'),
	(66, 3, 1, 3, 32, 1, 3, 14, 40.00, '2024-10-22 19:07:18', '2025-01-29 20:08:31'),
	(67, 3, 1, 3, 32, 1, 1, 12, 30.00, '2024-10-29 20:07:18', '2025-01-29 20:09:52'),
	(68, 3, 1, 3, 32, 1, 2, 14, 35.00, '2024-10-29 20:07:18', '2025-01-29 20:09:52'),
	(69, 3, 1, 3, 32, 1, 3, 15, 40.00, '2024-10-29 20:07:18', '2025-01-29 20:09:52'),
	(70, 3, 1, 3, 32, 1, 1, 12, 35.00, '2024-11-06 20:07:18', '2025-01-29 20:11:17'),
	(71, 3, 1, 3, 32, 1, 2, 14, 40.00, '2024-11-06 20:07:18', '2025-01-29 20:11:17'),
	(72, 3, 1, 3, 32, 1, 3, 15, 40.00, '2024-11-06 20:07:18', '2025-01-29 20:11:17'),
	(73, 3, 1, 3, 32, 1, 1, 12, 35.00, '2024-11-13 20:07:18', '2025-01-29 20:12:55'),
	(74, 3, 1, 3, 32, 1, 2, 14, 40.00, '2024-11-13 20:07:18', '2025-01-29 20:12:55'),
	(75, 3, 1, 3, 32, 1, 3, 15, 40.00, '2024-11-13 20:07:18', '2025-01-29 20:12:55'),
	(76, 3, 11, 4, 34, 1, 1, 10, 60.00, '2025-01-29 20:38:59', '2025-01-29 20:38:59'),
	(77, 3, 11, 4, 34, 1, 2, 10, 70.00, '2025-01-29 20:38:59', '2025-01-29 20:38:59'),
	(78, 3, 11, 4, 34, 1, 3, 10, 75.00, '2025-01-29 20:38:59', '2025-01-29 20:38:59'),
	(79, 3, 11, 4, 34, 1, 4, 10, 75.00, '2025-01-29 20:39:00', '2025-01-29 20:39:00');

-- Dump dei dati della tabella gymbro_test.gyms: ~1 rows (circa)
INSERT INTO `gyms` (`id`, `name`, `address`, `telephone`, `user_id`, `licenseType`, `licensePayment`, `licenseExpiration`, `created_at`, `updated_at`) VALUES
	(1, 'CoreFit', 'Viale Energia, 88', '0532-156248', 44, 'Base', '2025-01-01', '2025-12-31', NULL, NULL);

-- Dump dei dati della tabella gymbro_test.users: ~21 rows (circa)
INSERT INTO `users` (`id`, `first_name`, `last_name`, `ssn`, `email`, `email_verified_at`, `password`, `gender`, `date_of_birth`, `is_admin`, `is_gym`, `controlled_by`, `remember_token`, `created_at`, `updated_at`) VALUES
	(3, 'Biagio', 'Gavioli', 'GVLBZJ01T07Z127U', 'biagiogavioli@gmail.com', NULL, '$2y$12$xXllCnsdGw22Q.yvxtDrQu7tDs0jAsRqI0ux8024BklDr8o2sNkuS', 'M', '2001-12-07', 0, 0, NULL, NULL, '2025-01-29 17:00:37', '2025-01-29 17:00:37'),
	(44, 'Goffredo', 'Manacorda', 'BOJRTY23K80O608B', 'palestra@gmail.com', NULL, '$2y$12$xXllCnsdGw22Q.yvxtDrQu7tDs0jAsRqI0ux8024BklDr8o2sNkuS', 'M', '1972-04-18', 0, 1, NULL, NULL, '2021-04-13 22:00:00', '2021-06-03 22:00:00'),
	(45, 'Dante', 'Bodoni', 'HGZXZZ82L12L611T', 'adamo26@tele2.it', NULL, '$2y$12$xXllCnsdGw22Q.yvxtDrQu7tDs0jAsRqI0ux8024BklDr8o2sNkuS', 'M', '1966-11-18', 0, 0, 44, NULL, '2022-07-17 22:00:00', '2023-07-07 22:00:00'),
	(46, 'Giuliano', 'Bonanno', 'OQROZX92C84W627O', 'ncamuccini@vodafone.it', NULL, '$2y$12$xXllCnsdGw22Q.yvxtDrQu7tDs0jAsRqI0ux8024BklDr8o2sNkuS', 'M', '1989-08-23', 0, 0, 44, NULL, '2020-07-10 22:00:00', '2023-06-12 22:00:00'),
	(47, 'Aurora', 'Contarini', 'LPANKP37I85J638U', 'stefaniaantonetti@libero.it', NULL, '$2y$12$xXllCnsdGw22Q.yvxtDrQu7tDs0jAsRqI0ux8024BklDr8o2sNkuS', 'M', '2002-01-11', 0, 0, 44, NULL, '2023-09-03 22:00:00', '2020-07-01 22:00:00'),
	(48, 'Zaira', 'Falier', 'GCZTMZ60A65U501O', 'giampiero25@gmail.com', NULL, '$2y$12$xXllCnsdGw22Q.yvxtDrQu7tDs0jAsRqI0ux8024BklDr8o2sNkuS', 'F', '2000-03-26', 0, 0, 44, NULL, '2020-03-07 23:00:00', '2021-01-31 23:00:00'),
	(49, 'Sergius', 'Lopresti', 'DVILMI19G57J191S', 'marazzipasqual@gmail.com', NULL, '$2y$12$xXllCnsdGw22Q.yvxtDrQu7tDs0jAsRqI0ux8024BklDr8o2sNkuS', 'F', '2004-01-16', 0, 0, 44, NULL, '2021-06-28 22:00:00', '2022-09-19 22:00:00'),
	(50, 'Maurilio', 'Calbo', 'HMAWBM33P47F780Z', 'pierpaolomazzanti@vodafone.it', NULL, '$2y$12$xXllCnsdGw22Q.yvxtDrQu7tDs0jAsRqI0ux8024BklDr8o2sNkuS', 'F', '1981-04-18', 0, 0, 44, NULL, '2022-07-29 22:00:00', '2022-07-26 22:00:00'),
	(51, 'Federico', 'Gulotta', 'YUIDLT45D29E028D', 'alderano74@barcaccia.it', NULL, '$2y$12$xXllCnsdGw22Q.yvxtDrQu7tDs0jAsRqI0ux8024BklDr8o2sNkuS', 'F', '2000-10-13', 0, 0, 44, NULL, '2021-10-16 22:00:00', '2022-09-02 22:00:00'),
	(52, 'Virginia', 'Littizzetto', 'SPAGSW85L56U908U', 'guarinomocenigo@tele2.it', NULL, '$2y$12$xXllCnsdGw22Q.yvxtDrQu7tDs0jAsRqI0ux8024BklDr8o2sNkuS', 'F', '1965-12-20', 0, 0, 44, NULL, '2022-12-08 23:00:00', '2024-03-25 23:00:00'),
	(53, 'Fedele', 'Paolini', 'ICSDGQ09C35U980S', 'amletosperi@panatta-staglieno.it', NULL, '$2y$12$xXllCnsdGw22Q.yvxtDrQu7tDs0jAsRqI0ux8024BklDr8o2sNkuS', 'F', '1976-11-21', 0, 0, 44, NULL, '2020-10-15 22:00:00', '2023-08-17 22:00:00'),
	(54, 'Simone', 'Berrè', 'YWAQXT45Z87B533L', 'argansebastiano@longhena.com', NULL, '$2y$12$xXllCnsdGw22Q.yvxtDrQu7tDs0jAsRqI0ux8024BklDr8o2sNkuS', 'M', '1975-01-17', 0, 0, 44, NULL, '2021-04-27 22:00:00', '2022-08-21 22:00:00'),
	(55, 'Lidia', 'Boccaccio', 'BLJMUD63U30J332V', 'fabrizio39@libero.it', NULL, '$2y$12$xXllCnsdGw22Q.yvxtDrQu7tDs0jAsRqI0ux8024BklDr8o2sNkuS', 'F', '1983-06-11', 0, 0, 44, NULL, '2020-05-14 22:00:00', '2022-05-13 22:00:00'),
	(56, 'Berenice', 'Emo', 'CQIUKC76S93T966U', 'alfio55@gmail.com', NULL, '$2y$12$xXllCnsdGw22Q.yvxtDrQu7tDs0jAsRqI0ux8024BklDr8o2sNkuS', 'M', '1984-09-09', 0, 0, 44, NULL, '2023-05-28 22:00:00', '2022-07-17 22:00:00'),
	(57, 'Rita', 'Montalti', 'XGJSOO48R76B703L', 'oscotti@yahoo.com', NULL, '$2y$12$xXllCnsdGw22Q.yvxtDrQu7tDs0jAsRqI0ux8024BklDr8o2sNkuS', 'M', '2001-07-06', 0, 0, 44, NULL, '2021-01-30 23:00:00', '2024-03-10 23:00:00'),
	(58, 'Mirco', 'Anichini', 'VWKVIV23T53M825T', 'ogrimani@mazzanti-pistoletto.it', NULL, '$2y$12$xXllCnsdGw22Q.yvxtDrQu7tDs0jAsRqI0ux8024BklDr8o2sNkuS', 'F', '1997-12-04', 0, 0, 44, NULL, '2024-06-08 22:00:00', '2024-09-01 22:00:00'),
	(59, 'Dante', 'Tedesco', 'VPMYQU11F15V949G', 'lidia26@virgilio.it', NULL, '$2y$12$xXllCnsdGw22Q.yvxtDrQu7tDs0jAsRqI0ux8024BklDr8o2sNkuS', 'F', '1980-10-31', 0, 0, 44, NULL, '2020-02-14 23:00:00', '2023-02-15 23:00:00'),
	(60, 'Baldassare', 'Mimun', 'DNLSTH74K32X988J', 'vittoriadallape@manunta.com', NULL, '$2y$12$xXllCnsdGw22Q.yvxtDrQu7tDs0jAsRqI0ux8024BklDr8o2sNkuS', 'F', '1992-10-19', 0, 0, 44, NULL, '2022-07-20 22:00:00', '2021-01-13 23:00:00'),
	(61, 'Giada', 'Accardo', 'MBXLWS95G97V269H', 'donatella01@libero.it', NULL, '$2y$12$xXllCnsdGw22Q.yvxtDrQu7tDs0jAsRqI0ux8024BklDr8o2sNkuS', 'M', '1974-11-12', 0, 0, 44, NULL, '2020-08-18 22:00:00', '2020-04-03 22:00:00'),
	(62, 'Elisa', 'Rocca', 'WBWUKZ55Z88D609R', 'renata40@virgilio.it', NULL, '$2y$12$xXllCnsdGw22Q.yvxtDrQu7tDs0jAsRqI0ux8024BklDr8o2sNkuS', 'M', '1995-08-18', 0, 0, 44, NULL, '2022-07-07 22:00:00', '2023-09-18 22:00:00'),
	(63, 'Mirko', 'Renzi', 'RNKCAP34I89A092L', 'polizziisabella@stoppani-cattaneo.it', NULL, '$2y$12$xXllCnsdGw22Q.yvxtDrQu7tDs0jAsRqI0ux8024BklDr8o2sNkuS', 'M', '1968-08-07', 0, 0, 44, NULL, '2023-03-20 23:00:00', '2024-10-20 22:00:00');

-- Dump dei dati della tabella gymbro_test.workout_plans: ~0 rows (circa)
INSERT INTO `workout_plans` (`id`, `user_id`, `title`, `description`, `enabled`, `created_at`, `updated_at`) VALUES
	(2, 3, 'Ipertrofia', 'Scheda di allenamento incentrata sull\'ipertrofia.\nGiorno 1 ➜ Gambe |\nGiorno 2 ➜ Schiena e Bicipiti |\nGiorno 3 ➜ Petto, Spalle e Tricipiti', 0, '2025-01-29 17:35:10', '2025-01-29 20:02:21'),
	(3, 3, 'Resistenza', 'Scheda incentrata sul migliorare la resistenza', 0, '2025-01-29 19:57:02', '2025-01-29 20:32:44'),
	(4, 3, 'Allenamento', NULL, 1, '2025-01-29 20:04:31', '2025-01-29 20:32:44');

-- Dump dei dati della tabella gymbro_test.workout_plan_exercises: ~8 rows (circa)
INSERT INTO `workout_plan_exercises` (`id`, `workout_plan_id`, `exercise_id`, `day`, `order`, `sets`, `reps`, `rest`, `edited`, `created_at`, `updated_at`) VALUES
	(10, 2, 1, 1, 1, 4, '10', 120, 0, NULL, NULL),
	(11, 2, 2, 1, 2, 4, '10', 120, 0, NULL, NULL),
	(12, 2, 3, 1, 3, 4, '10', 120, 0, NULL, NULL),
	(13, 2, 6, 1, 6, 4, '15', 30, 1, NULL, NULL),
	(14, 2, 4, 1, 4, 4, '10', 120, 1, NULL, NULL),
	(15, 2, 5, 1, 5, 4, '10', 120, 1, NULL, NULL),
	(16, 2, 61, 2, 1, 4, '10', 120, 1, NULL, NULL),
	(17, 2, 60, 2, 2, 4, '10', 120, 1, NULL, NULL),
	(18, 2, 66, 2, 3, 4, '10', 30, 1, NULL, NULL),
	(19, 2, 71, 2, 4, 4, '8', 120, 1, NULL, NULL),
	(20, 2, 88, 2, 5, 5, '5', 120, 1, NULL, NULL),
	(21, 2, 89, 2, 6, 4, '10', 120, 1, NULL, NULL),
	(22, 2, 52, 3, 1, 4, '10', 120, 1, NULL, NULL),
	(23, 2, 43, 3, 2, 4, '10', 120, 1, NULL, NULL),
	(25, 2, 46, 3, 3, 4, '10', 30, 1, NULL, NULL),
	(26, 2, 50, 3, 4, 4, '10', 30, 1, NULL, NULL),
	(27, 2, 36, 3, 5, 5, '5', 120, 1, NULL, NULL),
	(28, 2, 25, 3, 6, 4, '10', 120, 1, NULL, NULL),
	(29, 2, 32, 3, 8, 4, '10', 120, 1, NULL, NULL),
	(30, 2, 26, 3, 7, 4, '10', 120, 1, NULL, NULL),
	(32, 3, 1, 1, 1, 3, '10-12-14', 60, 0, NULL, NULL),
	(34, 4, 11, 1, 1, 4, '10', 90, 0, NULL, NULL),
	(36, 4, 42, 2, 1, 3, '8', 90, 1, NULL, NULL),
	(37, 4, 1, 1, 2, 4, '8-6-4-4', 30, 1, NULL, NULL);

/*!40103 SET TIME_ZONE=IFNULL(@OLD_TIME_ZONE, 'system') */;
/*!40101 SET SQL_MODE=IFNULL(@OLD_SQL_MODE, '') */;
/*!40014 SET FOREIGN_KEY_CHECKS=IFNULL(@OLD_FOREIGN_KEY_CHECKS, 1) */;
/*!40101 SET CHARACTER_SET_CLIENT=@OLD_CHARACTER_SET_CLIENT */;
/*!40111 SET SQL_NOTES=IFNULL(@OLD_SQL_NOTES, 1) */;
