USE gymbro;

INSERT INTO `users` (`id`, `first_name`, `last_name`, `ssn`, `email`, `email_verified_at`, `password`, `gender`, `date_of_birth`, `is_admin`, `is_gym`, `controlled_by`, `remember_token`, `created_at`, `updated_at`) VALUES
	(3, 'Gianfranco', 'Rossi', 'GVLBZJ01T07Z127U', 'gianfranco.rossi@gmail.com', NULL, '$2y$12$xXllCnsdGw22Q.yvxtDrQu7tDs0jAsRqI0ux8024BklDr8o2sNkuS', 'M', '2001-12-07', 0, 0, NULL, NULL, '2025-01-29 17:00:37', '2025-01-29 17:00:37'),
	(44, 'Goffredo', 'Manacorda', 'BOJRTY23K80O608B', 'goffredo.manacorda@libero.it', NULL, '$2y$12$xXllCnsdGw22Q.yvxtDrQu7tDs0jAsRqI0ux8024BklDr8o2sNkuS', 'M', '1972-04-18', 0, 1, NULL, NULL, '2021-04-13 22:00:00', '2021-06-03 22:00:00'),
	(45, 'Dante', 'Bodoni', 'HGZXZZ82L12L611T', 'dante.bodoni@yahoo.it', NULL, '$2y$12$xXllCnsdGw22Q.yvxtDrQu7tDs0jAsRqI0ux8024BklDr8o2sNkuS', 'M', '1966-11-18', 0, 0, 44, NULL, '2022-07-17 22:00:00', '2023-07-07 22:00:00'),
	(46, 'Giuliano', 'Bonanno', 'OQROZX92C84W627O', 'giuliano.bonanno@outlook.it', NULL, '$2y$12$xXllCnsdGw22Q.yvxtDrQu7tDs0jAsRqI0ux8024BklDr8o2sNkuS', 'M', '1989-08-23', 0, 0, 44, NULL, '2020-07-10 22:00:00', '2023-06-12 22:00:00'),
	(47, 'Aurora', 'Contarini', 'LPANKP37I85J638U', 'aurora.contarini@gmail.com', NULL, '$2y$12$xXllCnsdGw22Q.yvxtDrQu7tDs0jAsRqI0ux8024BklDr8o2sNkuS', 'M', '2002-01-11', 0, 0, 44, NULL, '2023-09-03 22:00:00', '2020-07-01 22:00:00'),
	(48, 'Zaira', 'Falier', 'GCZTMZ60A65U501O', 'zaira.falier@libero.it', NULL, '$2y$12$xXllCnsdGw22Q.yvxtDrQu7tDs0jAsRqI0ux8024BklDr8o2sNkuS', 'F', '2000-03-26', 0, 0, 44, NULL, '2020-03-07 23:00:00', '2021-01-31 23:00:00'),
	(49, 'Sergius', 'Lopresti', 'DVILMI19G57J191S', 'sergius.lopresti@yahoo.com', NULL, '$2y$12$xXllCnsdGw22Q.yvxtDrQu7tDs0jAsRqI0ux8024BklDr8o2sNkuS', 'F', '2004-01-16', 0, 0, 44, NULL, '2021-06-28 22:00:00', '2022-09-19 22:00:00'),
	(50, 'Maurilio', 'Calbo', 'HMAWBM33P47F780Z', 'maurilio.calbo@virgilio.it', NULL, '$2y$12$xXllCnsdGw22Q.yvxtDrQu7tDs0jAsRqI0ux8024BklDr8o2sNkuS', 'F', '1981-04-18', 0, 0, 44, NULL, '2022-07-29 22:00:00', '2022-07-26 22:00:00'),
	(51, 'Federico', 'Gulotta', 'YUIDLT45D29E028D', 'federico.gulotta@gmail.com', NULL, '$2y$12$xXllCnsdGw22Q.yvxtDrQu7tDs0jAsRqI0ux8024BklDr8o2sNkuS', 'F', '2000-10-13', 0, 0, 44, NULL, '2021-10-16 22:00:00', '2022-09-02 22:00:00'),
	(52, 'Virginia', 'Littizzetto', 'SPAGSW85L56U908U', 'virginia.littizzetto@libero.it', NULL, '$2y$12$xXllCnsdGw22Q.yvxtDrQu7tDs0jAsRqI0ux8024BklDr8o2sNkuS', 'F', '1965-12-20', 0, 0, 44, NULL, '2022-12-08 23:00:00', '2024-03-25 23:00:00'),
	(53, 'Fedele', 'Paolini', 'ICSDGQ09C35U980S', 'fedele.paolini@yahoo.it', NULL, '$2y$12$xXllCnsdGw22Q.yvxtDrQu7tDs0jAsRqI0ux8024BklDr8o2sNkuS', 'F', '1976-11-21', 0, 0, 44, NULL, '2020-10-15 22:00:00', '2023-08-17 22:00:00'),
	(54, 'Simone', 'Berrè', 'YWAQXT45Z87B533L', 'simone.berre@outlook.it', NULL, '$2y$12$xXllCnsdGw22Q.yvxtDrQu7tDs0jAsRqI0ux8024BklDr8o2sNkuS', 'M', '1975-01-17', 0, 0, 44, NULL, '2021-04-27 22:00:00', '2022-08-21 22:00:00'),
	(55, 'Lidia', 'Boccaccio', 'BLJMUD63U30J332V', 'lidia.boccaccio@gmail.com', NULL, '$2y$12$xXllCnsdGw22Q.yvxtDrQu7tDs0jAsRqI0ux8024BklDr8o2sNkuS', 'F', '1983-06-11', 0, 0, 44, NULL, '2020-05-14 22:00:00', '2022-05-13 22:00:00'),
	(56, 'Berenice', 'Emo', 'CQIUKC76S93T966U', 'berenice.emo@virgilio.it', NULL, '$2y$12$xXllCnsdGw22Q.yvxtDrQu7tDs0jAsRqI0ux8024BklDr8o2sNkuS', 'M', '1984-09-09', 0, 0, 44, NULL, '2023-05-28 22:00:00', '2022-07-17 22:00:00'),
	(57, 'Rita', 'Montalti', 'XGJSOO48R76B703L', 'rita.montalti@outlook.it', NULL, '$2y$12$xXllCnsdGw22Q.yvxtDrQu7tDs0jAsRqI0ux8024BklDr8o2sNkuS', 'M', '2001-07-06', 0, 0, 44, NULL, '2021-01-30 23:00:00', '2024-03-10 23:00:00'),
	(58, 'Mirco', 'Anichini', 'VWKVIV23T53M825T', 'mirco.anichini@alice.it', NULL, '$2y$12$xXllCnsdGw22Q.yvxtDrQu7tDs0jAsRqI0ux8024BklDr8o2sNkuS', 'F', '1997-12-04', 0, 0, 44, NULL, '2024-06-08 22:00:00', '2024-09-01 22:00:00'),
	(59, 'Dante', 'Tedesco', 'VPMYQU11F15V949G', 'dante.tedesco@yahoo.it', NULL, '$2y$12$xXllCnsdGw22Q.yvxtDrQu7tDs0jAsRqI0ux8024BklDr8o2sNkuS', 'F', '1980-10-31', 0, 0, 44, NULL, '2020-02-14 23:00:00', '2023-02-15 23:00:00'),
	(60, 'Baldassare', 'Mimun', 'DNLSTH74K32X988J', 'baldassare.mimun@gmail.com', NULL, '$2y$12$xXllCnsdGw22Q.yvxtDrQu7tDs0jAsRqI0ux8024BklDr8o2sNkuS', 'F', '1992-10-19', 0, 0, 44, NULL, '2022-07-20 22:00:00', '2021-01-13 23:00:00'),
	(61, 'Giada', 'Accardo', 'MBXLWS95G97V269H', 'giada.accardo@libero.it', NULL, '$2y$12$xXllCnsdGw22Q.yvxtDrQu7tDs0jAsRqI0ux8024BklDr8o2sNkuS', 'M', '1974-11-12', 0, 0, 44, NULL, '2020-08-18 22:00:00', '2020-04-03 22:00:00'),
	(62, 'Elisa', 'Rocca', 'WBWUKZ55Z88D609R', 'elisa.rocca@outlook.it', NULL, '$2y$12$xXllCnsdGw22Q.yvxtDrQu7tDs0jAsRqI0ux8024BklDr8o2sNkuS', 'M', '1995-08-18', 0, 0, 44, NULL, '2022-07-07 22:00:00', '2023-09-18 22:00:00'),
	(63, 'Mirko', 'Renzi', 'RNKCAP34I89A092L', 'mirko.renzi@gmail.com', NULL, '$2y$12$xXllCnsdGw22Q.yvxtDrQu7tDs0jAsRqI0ux8024BklDr8o2sNkuS', 'M', '1968-08-07', 0, 0, 44, NULL, '2023-03-20 23:00:00', '2024-10-20 22:00:00');

INSERT INTO `gyms` (`id`, `name`, `address`, `telephone`, `user_id`, `licenseType`, `licensePayment`, `licenseExpiration`, `created_at`, `updated_at`) VALUES
	(1, 'CoreFit', 'Viale Energia, 88', '0532-156248', 44, 'Base', '2025-01-01', '2025-12-31', NULL, NULL);

INSERT INTO `workout_plans` (`id`, `user_id`, `title`, `description`, `enabled`, `created_at`, `updated_at`) VALUES
	(2, 3, 'Ipertrofia', 'Scheda di allenamento incentrata sull\'ipertrofia', 0, '2025-01-29 17:35:10', '2025-01-29 20:02:21'),
	(3, 3, 'Resistenza', 'Scheda incentrata sul migliorare la resistenza', 0, '2025-01-29 19:57:02', '2025-01-29 20:32:44'),
	(4, 3, 'Allenamento', NULL, 1, '2025-01-29 20:04:31', '2025-01-29 20:32:44');

INSERT INTO `workout_plan_exercises` (`id`, `workout_plan_id`, `exercise_id`, `day`, `order`, `sets`, `reps`, `rest`, `edited`, `created_at`, `updated_at`) VALUES
	(10, 2, 1, 1, 1, 4, '10', 120, 0, NULL, NULL),
	(11, 2, 2, 1, 2, 4, '10', 120, 0, NULL, NULL),
	(12, 2, 3, 1, 3, 4, '10', 120, 0, NULL, NULL),
	(13, 2, 6, 1, 6, 4, '15', 30, 1, NULL, NULL),
	(14, 2, 4, 1, 4, 4, '10', 120, 1, NULL, NULL),
	(15, 2, 5, 1, 5, 4, '10', 120, 1, NULL, NULL),
	(16, 2, 61, 2, 1, 4, '10', 120, 1, NULL, NULL),
	(17, 2, 60, 2, 2, 4, '10', 120, 1, NULL, NULL),
	(18, 2, 66, 2, 3, 4, '10', 30, 1, NULL, NULL),
	(19, 2, 71, 2, 4, 4, '8', 120, 1, NULL, NULL),
	(20, 2, 88, 2, 5, 5, '5', 120, 1, NULL, NULL),
	(21, 2, 89, 2, 6, 4, '10', 120, 1, NULL, NULL),
	(22, 2, 52, 3, 1, 4, '10', 120, 1, NULL, NULL),
	(23, 2, 43, 3, 2, 4, '10', 120, 1, NULL, NULL),
	(25, 2, 46, 3, 3, 4, '10', 30, 1, NULL, NULL),
	(26, 2, 50, 3, 4, 4, '10', 30, 1, NULL, NULL),
	(27, 2, 36, 3, 5, 5, '5', 120, 1, NULL, NULL),
	(28, 2, 25, 3, 6, 4, '10', 120, 1, NULL, NULL),
	(29, 2, 32, 3, 8, 4, '10', 120, 1, NULL, NULL),
	(30, 2, 26, 3, 7, 4, '10', 120, 1, NULL, NULL),
	(32, 3, 1, 1, 1, 3, '10-12-14', 60, 0, NULL, NULL),
	(34, 4, 11, 1, 1, 4, '10', 90, 0, NULL, NULL),
	(36, 4, 42, 2, 1, 3, '8', 90, 1, NULL, NULL),
	(37, 4, 1, 1, 2, 4, '8-6-4-4', 30, 1, NULL, NULL);

INSERT INTO `exercises_data` (`id`, `user_id`, `exercise_id`, `workout_plan_id`, `workout_plan_pivot_id`, `day`, `set`, `reps`, `used_weights`, `created_at`, `updated_at`) VALUES
	(9, 3, 1, 2, 10, 1, 1, 10, 55.00, '2025-01-01 19:20:29', '2025-01-29 19:20:29'),
	(10, 3, 1, 2, 10, 1, 2, 10, 60.00, '2025-01-01 19:20:29', '2025-01-29 19:20:29'),
	(11, 3, 1, 2, 10, 1, 3, 10, 65.00, '2025-01-01 19:20:29', '2025-01-29 19:20:29'),
	(12, 3, 1, 2, 10, 1, 4, 10, 70.00, '2025-01-01 19:20:29', '2025-01-29 19:20:29'),
	(13, 3, 2, 2, 11, 1, 1, 10, 130.00, '2025-01-01 19:21:05', '2025-01-29 19:21:05'),
	(14, 3, 2, 2, 11, 1, 2, 10, 150.00, '2025-01-01 19:21:05', '2025-01-29 19:21:05'),
	(15, 3, 2, 2, 11, 1, 3, 10, 160.00, '2025-01-01 19:21:05', '2025-01-29 19:21:05'),
	(16, 3, 2, 2, 11, 1, 4, 10, 160.00, '2025-01-01 19:21:05', '2025-01-29 19:21:05'),
	(17, 3, 3, 2, 12, 1, 1, 10, 70.00, '2025-01-01 19:21:47', '2025-01-29 19:21:47'),
	(18, 3, 3, 2, 12, 1, 2, 10, 80.00, '2025-01-01 19:21:47', '2025-01-29 19:21:47'),
	(19, 3, 3, 2, 12, 1, 3, 10, 90.00, '2025-01-01 19:21:47', '2025-01-29 19:21:47'),
	(20, 3, 3, 2, 12, 1, 4, 10, 100.00, '2025-01-01 19:21:47', '2025-01-29 19:21:47'),
	(21, 3, 1, 2, 10, 1, 1, 10, 55.00, '2025-01-08 19:26:42', '2025-01-29 19:26:42'),
	(22, 3, 1, 2, 10, 1, 2, 10, 60.00, '2025-01-08 19:26:42', '2025-01-29 19:26:42'),
	(23, 3, 1, 2, 10, 1, 3, 10, 65.00, '2025-01-08 19:26:42', '2025-01-29 19:26:42'),
	(24, 3, 1, 2, 10, 1, 4, 10, 70.00, '2025-01-08 19:26:42', '2025-01-29 19:26:42'),
	(25, 3, 1, 2, 10, 1, 1, 10, 55.00, '2025-01-15 19:27:55', '2025-01-29 19:27:55'),
	(26, 3, 1, 2, 10, 1, 2, 10, 60.00, '2025-01-15 19:27:55', '2025-01-29 19:27:55'),
	(27, 3, 1, 2, 10, 1, 3, 10, 75.00, '2025-01-15 19:27:55', '2025-01-29 19:27:55'),
	(28, 3, 1, 2, 10, 1, 4, 10, 75.00, '2025-01-15 19:27:55', '2025-01-29 19:27:55'),
	(29, 3, 1, 2, 10, 1, 1, 10, 65.00, '2025-01-22 19:28:56', '2025-01-29 19:28:56'),
	(30, 3, 1, 2, 10, 1, 2, 10, 70.00, '2025-01-22 19:28:56', '2025-01-29 19:28:56'),
	(31, 3, 1, 2, 10, 1, 3, 10, 75.00, '2025-01-22 19:28:56', '2025-01-29 19:28:56'),
	(32, 3, 1, 2, 10, 1, 4, 10, 75.00, '2025-01-22 19:28:57', '2025-01-29 19:28:57'),
	(33, 3, 1, 2, 10, 1, 1, 10, 65.00, '2025-01-28 19:32:55', '2025-01-29 19:32:55'),
	(34, 3, 1, 2, 10, 1, 2, 10, 70.00, '2025-01-28 19:32:55', '2025-01-29 19:32:55'),
	(35, 3, 1, 2, 10, 1, 3, 10, 75.00, '2025-01-28 19:32:55', '2025-01-29 19:32:55'),
	(36, 3, 1, 2, 10, 1, 4, 10, 75.00, '2025-01-28 19:32:55', '2025-01-29 19:32:55'),
	(37, 3, 1, 2, 10, 1, 1, 10, 50.00, '2024-12-25 19:39:56', '2025-01-29 19:39:56'),
	(38, 3, 1, 2, 10, 1, 2, 10, 55.00, '2024-12-25 19:39:56', '2025-01-29 19:39:56'),
	(39, 3, 1, 2, 10, 1, 3, 10, 60.00, '2024-12-25 19:39:56', '2025-01-29 19:39:56'),
	(40, 3, 1, 2, 10, 1, 4, 10, 65.00, '2024-12-25 19:39:56', '2025-01-29 19:39:56'),
	(41, 3, 1, 2, 10, 1, 1, 10, 50.00, '2024-12-18 19:43:35', '2025-01-29 19:43:35'),
	(42, 3, 1, 2, 10, 1, 2, 10, 55.00, '2024-12-18 19:43:35', '2025-01-29 19:43:35'),
	(43, 3, 1, 2, 10, 1, 3, 10, 60.00, '2024-12-18 19:43:35', '2025-01-29 19:43:35'),
	(44, 3, 1, 2, 10, 1, 4, 10, 65.00, '2024-12-18 19:43:35', '2025-01-29 19:43:35'),
	(45, 3, 1, 2, 10, 1, 1, 10, 45.00, '2024-12-11 19:44:30', '2025-01-29 19:44:30'),
	(46, 3, 1, 2, 10, 1, 2, 10, 50.00, '2024-12-11 19:44:30', '2025-01-29 19:44:31'),
	(47, 3, 1, 2, 10, 1, 3, 10, 55.00, '2024-12-11 19:44:30', '2025-01-29 19:44:31'),
	(48, 3, 1, 2, 10, 1, 4, 10, 60.00, '2024-12-11 19:44:30', '2025-01-29 19:44:31'),
	(49, 3, 1, 2, 10, 1, 1, 10, 70.00, '2025-01-29 19:47:47', '2025-01-29 19:47:47'),
	(50, 3, 1, 2, 10, 1, 2, 10, 75.00, '2025-01-29 19:47:47', '2025-01-29 19:47:47'),
	(51, 3, 1, 2, 10, 1, 3, 10, 75.00, '2025-01-29 19:47:47', '2025-01-29 19:47:47'),
	(52, 3, 1, 2, 10, 1, 4, 10, 80.00, '2025-01-29 19:47:48', '2025-01-29 19:47:48'),
	(53, 3, 2, 2, 11, 1, 1, 10, 130.00, '2025-01-29 19:51:25', '2025-01-29 19:51:25'),
	(54, 3, 2, 2, 11, 1, 2, 10, 150.00, '2025-01-29 19:51:25', '2025-01-29 19:51:25'),
	(55, 3, 2, 2, 11, 1, 3, 10, 160.00, '2025-01-29 19:51:25', '2025-01-29 19:51:25'),
	(56, 3, 2, 2, 11, 1, 4, 10, 170.00, '2025-01-29 19:51:25', '2025-01-29 19:51:25'),
	(57, 3, 3, 2, 12, 1, 1, 10, 75.00, '2025-01-29 19:52:05', '2025-01-29 19:52:05'),
	(58, 3, 3, 2, 12, 1, 2, 10, 80.00, '2025-01-29 19:52:06', '2025-01-29 19:52:06'),
	(59, 3, 3, 2, 12, 1, 3, 10, 95.00, '2025-01-29 19:52:06', '2025-01-29 19:52:06'),
	(60, 3, 3, 2, 12, 1, 4, 10, 100.00, '2025-01-29 19:52:06', '2025-01-29 19:52:06'),
	(61, 3, 1, 3, 32, 1, 1, 10, 30.00, '2024-10-15 19:07:18', '2025-01-29 20:07:18'),
	(62, 3, 1, 3, 32, 1, 2, 12, 35.00, '2024-10-15 19:07:18', '2025-01-29 20:07:19'),
	(63, 3, 1, 3, 32, 1, 3, 14, 40.00, '2024-10-15 19:07:18', '2025-01-29 20:07:19'),
	(64, 3, 1, 3, 32, 1, 1, 10, 30.00, '2024-10-22 19:07:18', '2025-01-29 20:08:30'),
	(65, 3, 1, 3, 32, 1, 2, 12, 35.00, '2024-10-22 19:07:18', '2025-01-29 20:08:30'),
	(66, 3, 1, 3, 32, 1, 3, 14, 40.00, '2024-10-22 19:07:18', '2025-01-29 20:08:31'),
	(67, 3, 1, 3, 32, 1, 1, 12, 30.00, '2024-10-29 20:07:18', '2025-01-29 20:09:52'),
	(68, 3, 1, 3, 32, 1, 2, 14, 35.00, '2024-10-29 20:07:18', '2025-01-29 20:09:52'),
	(69, 3, 1, 3, 32, 1, 3, 15, 40.00, '2024-10-29 20:07:18', '2025-01-29 20:09:52'),
	(70, 3, 1, 3, 32, 1, 1, 12, 35.00, '2024-11-06 20:07:18', '2025-01-29 20:11:17'),
	(71, 3, 1, 3, 32, 1, 2, 14, 40.00, '2024-11-06 20:07:18', '2025-01-29 20:11:17'),
	(72, 3, 1, 3, 32, 1, 3, 15, 40.00, '2024-11-06 20:07:18', '2025-01-29 20:11:17'),
	(73, 3, 1, 3, 32, 1, 1, 12, 35.00, '2024-11-13 20:07:18', '2025-01-29 20:12:55'),
	(74, 3, 1, 3, 32, 1, 2, 14, 40.00, '2024-11-13 20:07:18', '2025-01-29 20:12:55'),
	(75, 3, 1, 3, 32, 1, 3, 15, 40.00, '2024-11-13 20:07:18', '2025-01-29 20:12:55'),
	(76, 3, 11, 4, 34, 1, 1, 10, 60.00, '2025-01-29 20:38:59', '2025-01-29 20:38:59'),
	(77, 3, 11, 4, 34, 1, 2, 10, 70.00, '2025-01-29 20:38:59', '2025-01-29 20:38:59'),
	(78, 3, 11, 4, 34, 1, 3, 10, 75.00, '2025-01-29 20:38:59', '2025-01-29 20:38:59'),
	(79, 3, 11, 4, 34, 1, 4, 10, 75.00, '2025-01-29 20:39:00', '2025-01-29 20:39:00');